{"file_hashes":[{"block_hashes":["2Zffvy4o7pHebtvQnV4Qhd0pF9cACOnNprbWpNT5vBI="],"block_size":4096,"path":"background/action_icon.js"},{"block_hashes":["tu+KVybeUfkG974FW3lzKFHShSUUq2cJI2HDegCf/qU=","MdOGGMe/FHgWpNA86Xpy3pG2M5EViPO+13ht8EZqk9g=","tpb0S6nBcFC/fH9a3SaPlnjL/kTpYwF1JZDLATg3S9s=","693T/zGvXevE4/KHTMX/Vhf/vNPuQqfbrjMoI9J8LJg=","NlM9Z+LLQEqcFez4NCdH24uydPiGId8tqcrlNXsl2f4="],"block_size":4096,"path":"background/all_commands.js"},{"block_hashes":["gmreQMtfbDO1A+61e+rzwENW54t8/vpsC6JiZSzPXfM=","wCD93Lgb64gc/LXftNf7ICJ9RhrtGLUVg9FN4AAXbsY="],"block_size":4096,"path":"background/browser.js"},{"block_hashes":["nrlc8zDQo1Vz1R9nDdLqMLDbdrd2TZMPB08Ylo/kfUE=","DVV0aEPl2b1i16rUQRvUm8gh3RaWsb0S995GBEPOG6Y=","pQ+RCfaWbf0qCspn+6Ux0Yc8B2LFseu6HIJvc+Q8s88="],"block_size":4096,"path":"background/browsing_data_manager.js"},{"block_hashes":["keAyWFMkSVl1bvYsFnIGTHGnCvt1vQumi7nA5mrTYqE=","hMgcf5UXOz12gKDsOwu1W53dbauY0BoCAXMCz++qdCA=","MbFunFDQFJnvCPpbfjdT7VJampzXnP8SDzfvzK3Ge6c="],"block_size":4096,"path":"background/clipboard.js"},{"block_hashes":["G3UjcD7s1zaN/mzk7quJZUbsiHkxN3jS0SMhOnKUm40=","ExSomvbFZhT2hP0Hw+nxG2i1J5/CfvwsHbw7V13Dilw=","M2QcdQfdMfp7zlqKGcsuxWpO4V4pV2qjReUV+aBwt4I=","bqs/WMkGr9Rk2P5Z5kcvVXXCtOuRSwETAwXCcI+iDHE="],"block_size":4096,"path":"background/completion.js"},{"block_hashes":["fay84BfqyZ1PCHnsouXFtas4pH59+JMLiKqNBXlUAMo=","Rk2Xtn4rmacZ/UwSPKD3kjYgSyLf01b1uufgco6HvI4="],"block_size":4096,"path":"background/completion_utils.js"},{"block_hashes":["4mKzFmk36NptTww2XIXF/RzyBPoWt2RFNZQfIO+rHyM="],"block_size":4096,"path":"background/define.js"},{"block_hashes":["iIseVgc6i0mSFbOIqaxt7caSedMFiDspkk6lMPbhoSI=","2/u27uGcZ1y5o6QDDrpXfRgngHw3KYf7GklCIdgXxEY="],"block_size":4096,"path":"background/eval_urls.js"},{"block_hashes":["BBPOcy7eyw4DTDlVBIO5SJ3nNktmlu/2ZEpp952BWFY="],"block_size":4096,"path":"background/exclusions.js"},{"block_hashes":["RDrM2ZUHB4oiDMupehVzG1sKJ3qiV1ujZSzxY+caTM0=","SqnEY97TjLOlTifSfvcPYOj/XRD5vxQ3sXx2FwUCtK8="],"block_size":4096,"path":"background/filter_tabs.js"},{"block_hashes":["kDiOzF3SkUEhKfKKloWcGJz8V0ioQL7t2Axw7sa0lCs=","zhWKMUZAX2X+RZKN6IYQPWuF0Uc4gTAdTBlLn0MS4T8=","6L8ZtyInYfD259Gugzgjc0vwvhKOs07W2KZmdI6ozdQ="],"block_size":4096,"path":"background/frame_commands.js"},{"block_hashes":["/Tkjbqc679qBNaJChtOTJgKeO3DjgoBmH41A09UwLB4=","fHclXQ3FRpMdBRAp/BRdMxHfQ9KpPEmqEndbhF71Dc0="],"block_size":4096,"path":"background/help_dialog.js"},{"block_hashes":["ioSEzrbO7ZmYizUW14UhfSKHZ7V1M12ZtbpNr4EMi5I="],"block_size":4096,"path":"background/i18n.js"},{"block_hashes":["yuGIIfZSivkHETrqLYdFzsalTF4qsVyb0ujgH5eWGgQ=","ilBF0pBNQm8eyKIq6qkcHhUhHzIEy6di3oLuumFNh4o=","LvC2RTEBz20mbu/D4SryfjOPDVjwCXEJvoXwlgdw07s=","zHjxzZLx5oTWio2l1kIXQhpVWT0mE3f6E/C2vq1dlw0=","0XjrtdDbsD8LZ8VPdQa/JBLVqj9xM+0Ye0ovH7QXlb0="],"block_size":4096,"path":"background/key_mappings.js"},{"block_hashes":["ETLCrM1MnieIkCrTtinLMaABiCaihU4l2F39TSNVAFo="],"block_size":4096,"path":"background/main.js"},{"block_hashes":["MtrJfckJyzU318ji+ulvY+IAGRJq6XzDC1uOflZwj/M=","UGiHNRXYxC5W5v2fdgZn3kvI87l7xnOeksdMxJJeT6A=","qpaTNpv/XyuK3yomHuzzRQkNUPbs0pFJeJau/k5Rgng="],"block_size":4096,"path":"background/normalize_urls.js"},{"block_hashes":["DIUS3EuXG35l7AY2iBqm7yclHNAYwF6/pK6rzymOulE=","yPJN5hNfYvzWc//BeputNvhOiMf4SwWj1DwxOl2Lx8Q=","kn+UU5SIrj0uw7ma9Ys9SD4drmL3ZxS3/czLaLNVtR8=","mOjHzqhrW7mzGAH5zE1WwGvpPyArBuiIuGzCdit0uU0="],"block_size":4096,"path":"background/open_urls.js"},{"block_hashes":["ZcI5tH0pEbZwZL0qyeVzvNQSRcafT2QOLKMP1ZRj48E=","1teCRKoin+kqb/i+LPqwpUfThdAxzIFw5eD5iCE6vFE="],"block_size":4096,"path":"background/others.js"},{"block_hashes":["N/mmCVME5e7aSt+JWV5u5rUuHSQbsI+1m0KbLqI4OzE=","kwrnumjhtQAxr9t9ys2RtosTDdAgSLvJW2ejq1bYMYU="],"block_size":4096,"path":"background/page_handlers.js"},{"block_hashes":["+DTtJ7bB3J59vMRsQ0T9/FO2+C0om8CbJnL+xc+Leio=","rhxQpek1jx4l34sb4qGm41ZLTbcYVaBZ0TIpRegcHh0=","w8m9KC0S/DZORBXWOuTIzEotRxEvXlYTrCoH8e+LwmM="],"block_size":4096,"path":"background/parse_urls.js"},{"block_hashes":["MrfpGCviejsJDMaQPTWhDYM0RfRvViYshTB0+lolOXs=","oBurROTRFqz87N4ezZ5KKXMuyhXvVrbl/UWXB2VP31c="],"block_size":4096,"path":"background/ports.js"},{"block_hashes":["bUW6zqYiorpzBiXoFYTS8Htfstxj/lSLgxTx3xGhl2A=","Y44nTp/b5bRa3ZNDTkAShsnI736oX78pQxQdY4+zatU=","OR9qtAdDxi5wSmrBnss52RmONXsCScrFX7Ddxr6qNqQ="],"block_size":4096,"path":"background/request_handlers.js"},{"block_hashes":["T28O+O4ST8Df77OWt9l65vZyiS24dNeEpItLrw+uueA=","R8hyWlGqWWO9TPIPLqAI8Toh/HsRAlfNkC4xbg37dxQ="],"block_size":4096,"path":"background/run_commands.js"},{"block_hashes":["n5V/QW15wvPaJKL9X4JNNaWd9xxh7xPORvslqJD0m1Y=","6kFFjys+IiGbJBWgk0rdncB5TSiLhBm6hLaRBcgtDPk=","Wjve8H0ZeFdcDbkpfhO5opKdPTS+8+YckRE2hV1we1I=","uilrH3EBj11/n6BPq1d+sL4N8AsnG3M6seejrlRJrP8="],"block_size":4096,"path":"background/run_keys.js"},{"block_hashes":["QPzMW5HhnxL1VPSbQw1tZhrNEVAZ8agmXiS7RqJMPfg=","bo7xd5LTQ/PdG7DXyuUnOVVUQ3aHalgIers0WtNFPwg=","imYYJV8F83n78pet8J9R1DCISpdR6qlSrCV1cfRLcaE="],"block_size":4096,"path":"background/settings.js"},{"block_hashes":["VY98vBM0zQ8H0UAjEL0B4wbYL3dInjLCO+bJIz2Ep5o="],"block_size":4096,"path":"background/store.js"},{"block_hashes":["6uUZShVOdmW4MlGoEvWFdRlCJIkFNAUCFxnb+TO8vZs=","wT6xC3c4uhJ4cTnx7dlTq8P9W8uF0okI+vSsfdJ9aEQ="],"block_size":4096,"path":"background/sync.js"},{"block_hashes":["w16tAyZtBh5IBEWrl/Nd3dcDOTfK+0Tadu2kUksMauA=","Czr+YLCnThORCpsSuZxamKdcmNBVUZa+/P+RR4ir/Go=","6ctlt9BzFRGdct4KO0AahDdUJXPuWQ9vuDCf6k5Kbcs=","QXFB7wJOTmPHIOaxF0oc92qZ0NZjMMgefzQB6wM88z4="],"block_size":4096,"path":"background/tab_commands.js"},{"block_hashes":["hUaEqWSvksPaf+mgBHGQSE+izO2IyX5k5SK4omJRfpk=","cDG/s9Tm13RUq9FRPBAQuMYq8+8NE6Dh8sWG1hI8k58=","hjlgWL02le9VxcdiOst61u3oDTN9ufvKj+umP7N/a0w="],"block_size":4096,"path":"background/tools.js"},{"block_hashes":["20pHN/YkCiFxy2iCYRmpDSYRozz1RoPqj6PDFntncrQ="],"block_size":4096,"path":"background/ui_css.js"},{"block_hashes":["ZZyV7MDfYpeDO8UWTaxVXt5MIdutBSAodkz/Z5mGlWE=","Iq5KmZcxi3YynbO0YztjrYe9S2PRaWXMS9bpS6rWvIs=","TJOzgTj3QOJh4R67dEqsXADAC25sUxtfwqanrgHHD0o="],"block_size":4096,"path":"background/utils.js"},{"block_hashes":["/sNV3NtDiSreOaUkjzd41cW0ISzfUHvLanAJMVPxuDk="],"block_size":4096,"path":"content/injected_end.js"},{"block_hashes":["Vjwx/mA2ttn1Dc7bLl1I28qQNsWzt8qHTWq2K5iyfI8=","eDpA2Y5f9fvpKXFlv+dw1mrF44cNwiypVuX7Aa4Psf4=","tOS1fcOf8dsh3PWHAAuhufT66C/k263zSpq+Zx1Y/fk=","TTeehW2gPa5yzjx1vNOQYKw9Ft9REAp8Dq0zu7H5IB4=","TxGq4M3fM6Z8N9+yNBXshx6DNqiEh/NS62xPAsC2k+I=","guICcshr6wf2GiQgNdvwR5HCLOnGT5o/F+amCzjGxU0=","5NGaUGSZ/RjCwGWD3sKNm7k/P9AMfV83d8gN7GpQdYI=","eRoimh6yUmGchEyVBlDu66QUGsKUTlON3Z/zU0/rMeQ=","VVtETfpTPJHdAWlk8syJHjn+8kRdAci+zzE8Sv6bJgM=","IrD6WI0hoXTdkACUhPQbdECh42rEr/paGJhoU9PKfCE=","a1Wta0HQb6kwtgAZKLszOJtCY4si6RkOK8pmd/vjZv4=","wFvRf2ZsqWQgYucBuSlbHYckX6orDiWJLqxexVeVfwo=","i17pRHDSa8STaXlgu0W7hKql5fhi3Mnm6m8TPtHPaIw=","ZDvJQHwpzEcM2fFKGZZu2pMlj3ylH+kddJmPj8S8Yrw=","wgtnntByKI6Hg/SwRK+bYKpmkRHbbkbNZT+JN7mXd1g=","lmAZ+Xru+tQdUwhCrAeRXyrw36fM1Ul1J3ZhAy+M2l0=","das7dIPr42NuP8sXKwuj56gt1NO8S22x7enoGte/WIg=","17sTv9DXo8+0H5Mx4xTGpJA1ueCv0/kSs2/Rg25jV+E=","KLqo00DKH4BiIgHIBS2fV2N8advaUqd6ddoMsX5dSsU=","FUherpENebuNB0ivIKI2uwnoXbVECaE3FZpby5U+Z5g=","dAcq8f6YIdqts50p4n3kldWs5hj0td394s7Fxk7JQWg=","x3IwS5ZXDGfcgzc6okpDGqBsyvPL+9e9G37ZD8/4nUU=","h80iTX5YxkwrM0CIiswb1P5nv1g02xFRUPE8oBCduYU="],"block_size":4096,"path":"content/vimium-c.js"},{"block_hashes":["RU7h3XeiS+Mi4DuuU8lEp4OEkpW3FCX4Bd9mTyI9iNw=","W2oxLb0WVpT0qpcndc2mWK/SLQSa20sg3SvVn3AviAg="],"block_size":4096,"path":"front/help_dialog.html"},{"block_hashes":["IskT40QQXNQkkEr2keHN5iImj6AyCN4hs0ykZKxPf7Y="],"block_size":4096,"path":"front/tee.js"},{"block_hashes":["rOUxCe6xLKXcTHRo/XQ+7JzTB/jJe/3XE8nYp7Ftikk="],"block_size":4096,"path":"front/vimium-c.css"},{"block_hashes":["ezEDvJMNM/1yD4hHKTQhuv/pYP9cnxpUc1Z0zeHgSMs="],"block_size":4096,"path":"front/vomnibar-tee.html"},{"block_hashes":["ycTF6gxLNscaELh277sXzUlF7zSf7Xp8i2tGfuRj1q0=","EfUbusa0/i2aMmA9bl+Hz1RSJ3ArJ1P9KLT4stcW9IE="],"block_size":4096,"path":"front/vomnibar.html"},{"block_hashes":["BZs4glwEOjlZpOb42XQvxu8j3+adeRsQcwq6D9fm2R8=","eQJspLmQGCw2jdD1o8vCAD2hWcDrCkubbJKJDpb7SKg=","XiuYETbRhTdjzamYu4JEU9QqFWveMcbNIcBZfCWxNuY=","tET1WjN9CiVsBycsJv5WmxGOVQ0eZbecqJFtDTH2+Og=","d2YEIB1WITrbC/ddpY+CofJZdIJwaVc9med1rZ3gC9g=","p1NXZppmf5mjsq67Jzwb8vr+jzmBfkcqht7FlH2+VEY=","1R2z2KL2A3DLC+799HYMzlfrBCSpU5oEkHYvuisoLJM=","xUK/mG3ONVsqi42+C4oBFnZMPJTonR4+CFkygDMlgq0="],"block_size":4096,"path":"front/vomnibar.js"},{"block_hashes":["u6dJ9XCsoCLva6Q4ncfjSGFBoE/nxH6Fvn0OKuBZiD8="],"block_size":4096,"path":"i18n/en/background.json"},{"block_hashes":["RZ/iGII9/87V+0b4rJR0KwrEhFJv3eDNjTs3EdRyZOQ=","v5cFS8JlVQk9WdaqwfgsUFPVifUIvY/4+NunqRtUDLs="],"block_size":4096,"path":"i18n/en/help_dialog.json"},{"block_hashes":["nF/WiP2XxL9dw4HN0yH1DD7eRAHIkBuVtr49XV8Au9I="],"block_size":4096,"path":"i18n/en/options.js"},{"block_hashes":["+FFt/kmM1SwFfuYBxwz04cYSr3ttOhaY+M/jastlRaA="],"block_size":4096,"path":"i18n/en/popup.js"},{"block_hashes":["QgnK164lJMy+/Vf5CzFSGnyi5qHCbjWxKnhogYFCbwU="],"block_size":4096,"path":"i18n/fr/background.json"},{"block_hashes":["2u9hjzhpOHWeruvRkAOyOcmPAEoeLbmKEvfoF+11RLo=","KUWaOI7N6HkyF6JlQm4CnkQ6lrGzE9aATlay5VtHn3E=","9dBFha8h63BNZkbJmY8oBFYCQ4/gJ70GrdOWfhee2eE="],"block_size":4096,"path":"i18n/fr/help_dialog.json"},{"block_hashes":["leiWc0DRcpq/3JoHuQVw22JQfH5K70o3xnjnLyFXc60="],"block_size":4096,"path":"i18n/fr/options.js"},{"block_hashes":["o5VqqP23XlO+/2pBE4MRlq9bWOLsJDET6c5x/1P3F30="],"block_size":4096,"path":"i18n/fr/popup.js"},{"block_hashes":["Q5rVN/n5Mjk8HGuJxl/cOLZOVRKJ05C8yuYZf7MjWY0="],"block_size":4096,"path":"i18n/zh/background.json"},{"block_hashes":["KgTJ+ol2My2APVkD1U7t7yBwcH8gp2ywE9gHS7sMwdk=","cUxHb2LLx7FU5DpsDCKhxviVlGm8oemhYp4On5YbzRw=","qlJ6p0ntIHYsyiq1AE/1iiAUjJIn7z4BpFJ+nYwCsOc="],"block_size":4096,"path":"i18n/zh/help_dialog.json"},{"block_hashes":["DYv3IbtHTRAZkWq8WCHICjMKQWcnpWkbYXTCFFg57cI=","2fkfTTmrvIgbMvTwnR9ni2YfkvL7ORWJwU0OiNsdpa0=","ND0Seaffxq+IgyFrwnKwb2unNyktfDg7/KLr9aRCCBM=","I+/G15n/B6wo8hjXmy4OMe0A7bwosxzULwufGADmG9g="],"block_size":4096,"path":"i18n/zh/options.js"},{"block_hashes":["J4LJR4vzajhFNg/Mtxs53g98ck5dSJ5FyPvu19YfKuk="],"block_size":4096,"path":"i18n/zh/popup.js"},{"block_hashes":["2ENW4RN/sFxOii83jYp8yO0ausrZB9KpjW2Y2vwU7so=","57TUkMcxzP78BoJYsZeWs0kIYexFOf/D7JKh/T5qCbE="],"block_size":4096,"path":"icons/disabled.bin"},{"block_hashes":["WzpEXq0Ia/C8E67fYO03p7LG5Ppb82Jc2wpBbsjFnko=","ZWHu/Gg4E3vKYU7p5lwCvwT0/BJu8UnPeiKUkWykeLw="],"block_size":4096,"path":"icons/enabled.bin"},{"block_hashes":["J8rJQNUGRTJ/wJpZM31pqt+m9LhsbeGfn4QghJ2b214=","eaCS7iOTRImHqAuA1grb6lRNF36+S8W60Gez/hKyGKQ="],"block_size":4096,"path":"icons/partial.bin"},{"block_hashes":["0xBqvmE+m7cYJ9h1CCfZC8XOis5MpRq3vd4ShFqH1XY="],"block_size":4096,"path":"lib/injector.js"},{"block_hashes":["DMDsLQ7DwjanmoUmrowSWKeUocRfxnRhJREBAYDfrpA=","W79FG53OMoIfXR6+kEu1lQa4/W1BemNRyLLbv+CYFB0=","gpCW8Zg6ZwaApkWEf7lnhzmCLxdXzy4AR4B93V8j64E="],"block_size":4096,"path":"lib/math_parser.js"},{"block_hashes":["y3q7cgHZKT/dwDBUz5dbwXRX8wnYAhkIVmZp4x4U4Kg=","ey4j2p+oPNYQSSOssksWaEKiWEAG++N6v0C6q9Ls8s4=","dADNiiji25ZGhIAcU3RQoPHFXolurL+3/5J7zTHAcfk=","Prmfz8M2nVdYLHy2OL/7LIR5K6GSNZ+KZhrI6VYCeXg=","v7XsjRDVEYpg7fZIdVvMkdGnNBwjN55YNjvxGF0fqAk=","cWw6MXP6K7IcSnDuV718PinMQBPlwrICB5mj5YaqGEg=","ZG9eKTHDvGjXA8FmBB5VJAjnuwfLvE+O0urNeM29xPY="],"block_size":4096,"path":"lib/simple_eval.js"},{"block_hashes":["8Ss7opIc8gQyPMTJRnYX5t5afFO9UnL50S3Mukw3CKs=","N1L8o+ktl5rxi0f/g8fCDYmfo/bqPcuQy/NITkRCYJM="],"block_size":4096,"path":"lib/viewer.css"},{"block_hashes":["xvayC5REeIJz2gOMvl/sOwrrmouPOVnAX2sJ9hvYjWU=","NF00mlbwtMRMYAxP5xarNdGu/HKIiOMxel29vY1uf88=","5ZEVT+iP2ETXNuuzfjzyLaMeZbTHcia379Sfo51m7ro=","8lgY1e5kjJaPMWen81N8BnBEcFekdqRdjxzUVaTAZq4=","h8H+5p1ArrC/FztRMcVtIRKyO2II0jg0V8AIOVNK7CU=","1A6fqgWrZ4C/HRLWPHzqDClTjsl+mSLnocd84ros21U=","cx9zR/pwls++/cYRB5oqQ3QQ1xCP30DustBzMtzRuUo=","qtmEq0hD53wpixm+PUTdact9khLldzLCY/94AcZz2rg=","5Rm2Y/RUYTdooHzkoslNyBZ/SEJRUMoEGa1b0XUeUEc=","75U87CgAo/492pSmqte2+qvUaHEVFZybYfYNy8f+zkc="],"block_size":4096,"path":"lib/viewer.js"},{"block_hashes":["DIBhxVIe/jDgdzjDWMKatsXcaXR2cTl3dCNaBngS5yE="],"block_size":4096,"path":"LICENSE.txt"},{"block_hashes":["xvkGbE7hEpqHzMk1Ivrf76b1L3/vCUsrUBeeF3W9L2c=","lJZc6LCW0gDcSEA0dZm6T80umNDyp/ZoB3AplkcKUI4="],"block_size":4096,"path":"pages/async_bg.js"},{"block_hashes":["a9j5TTY4L36Bvu8UHF9SqW0+8AU3Q2SRvJsGnKUGpK4="],"block_size":4096,"path":"pages/blank.html"},{"block_hashes":["47DEQpj8HBSa+/TImW+5JCeuQeRkm5NMpJWZG3hSuFU="],"block_size":4096,"path":"pages/define.js"},{"block_hashes":["86Gth+ffueWbPd0CE0ZMX9DMIyd1vpwDVnDatEytvUI="],"block_size":4096,"path":"pages/loader.js"},{"block_hashes":["ZuoCORjDE7g7lZhpi7shz6CoctDGrSOvfBqPuNKNThU=","mL2mJYw6ba8UokXwLU58sMOFgOuV2ZGX13ikCGjtk1o=","TggRivM/2N445RRKSsUMW94OlKbooVJuI4BvXbhn1Do=","5+RF3UX+fu8rNLNDp1XPCP4E4Vz9oPpJWyGOd4CsM2Q="],"block_size":4096,"path":"pages/options.css"},{"block_hashes":["d6eFD4xKVhpjPr1P18jMbO88rS9Nh8hHhY5KvUV6Q5A=","de9Zn1cqO8boRvG7Bss72KpOdlHfvBMZy3ikV/tftPo=","T3JJNKzsB8eYawXsyxqBfuGUvdy+d8een2IN8GYkOtE=","TU4LxoxeOt+dWH1HF3myc0vzpPfQw4mz9arurIV8R1w=","eLEyrylH5rOw331MlkyGOPOklSUNYwAfsC8jKeuThGg=","M81RAr//3iZ7x0qLTI2NvnMFlW9mxCTWfhGWFUUEkD0=","WRHVb0956/G57cSQJo8KBGDEWSkUndtDPICVHb/h6tk=","s1e0WPSLZX9+OjoDb1TqVJHuzEE/KZgAqcf6zcC6Wf4=","hgo/+Rd7WsvEiCBGDNXa+0c6NbwOqvije03OFlHRuY8="],"block_size":4096,"path":"pages/options.html"},{"block_hashes":["duqmnJkGr8mcQ9fS1W5ApK1Ma++XKhHehFUaeeqr/mU=","VfBQGDHIsyN4NQZL+71emq5B9ApJRDCE0aRY9l/kcGw="],"block_size":4096,"path":"pages/options_base.js"},{"block_hashes":["QSRn08bpHNYtce4VHZdETn7dkkvtQjMPEMwakZsQW3M=","aDalD2fcyXUevIV3E89uun3f2IM6zhGq26aV0l5BOR4="],"block_size":4096,"path":"pages/options_checker.js"},{"block_hashes":["B+SOXdIpkWF7HRWLLWMoxs7a93mShgQfJKFxUNYYwx4=","gCBaO3D2G12yjc7uJxJinkeJVyUCgAqEyjdzbLH4A8I=","ZfWirIb/uH5Wt3MIrJfluTYdLuRyQPjO7nEKSHhbH3M="],"block_size":4096,"path":"pages/options_defs.js"},{"block_hashes":["EZ1hiPln0Ak0EgYzgXCoPcTBKMPHELxCU5XFAIKliso=","GyugCC+9kVZqaWvIAzmE8ErhEk/CKMdCTlJh5liNViQ=","/cSxpgkdzYqzo+kyLN5N5FsskKyZEu2TKtOI0ykNh/w="],"block_size":4096,"path":"pages/options_ext.js"},{"block_hashes":["JzEmzmLHDoVrgoAbVdzLfhhAdKl4B5ytiSWRoG/MM2k=","cURZQ7k6tlGGzGICuH8iwsyyAWmgQaJ4VIN+5usceFY="],"block_size":4096,"path":"pages/options_permissions.js"},{"block_hashes":["/yoyXoG6AIXZRQ47T2ZirtOBpbPGdwZOTY1Uy7o0fY4=","BFl0LxgDVNygoEngN6305AQviVvLal68hJap8qbzeDE="],"block_size":4096,"path":"pages/options_popup.js"},{"block_hashes":["y+N8Yp//vNbiD6JMC1HmF8BuTl5cTxio59UuhpMepJM=","ejUk69YMXEEm5JhdnUpmXC1ZnYcRLibN9ASNNljv8O4=","2hcmkcOSvlro2vbMVqyUNuIVDbBYhVVEjxIVTRJP+I0="],"block_size":4096,"path":"pages/options_wnd.js"},{"block_hashes":["0q50apNzaPdCPdZvz9z222WmQlFw3t6lJaIo8Yz8CRk=","Ht+gbRdHgdCWJz7oxVyhm218MAiLZC33AKxs1//dBDE="],"block_size":4096,"path":"pages/popup.html"},{"block_hashes":["vdHATKBr/QuPNGSDy0Iue6FtjCOv2TzveolvUSNABBc="],"block_size":4096,"path":"pages/show.css"},{"block_hashes":["qK9Nn5Rzle+VPBoRd75FtT9YP3Ag4AArcnEdWolOWiA="],"block_size":4096,"path":"pages/show.html"},{"block_hashes":["ikCPe5zhnLTRfwmMfNWT2wk0BIX+4re7JRMib18g82g=","NBKQ25jz7VBbOT78x1r4DltkeN1eFPCL7y4CDTHZ+Qk=","gH+v+KZTx2VO9OhMejenFb2mhyUhJA9Jno5e+3rg8OY=","vkeuooxEERpyDl0HArHk6qryCBqBUttVICBtgHSabts="],"block_size":4096,"path":"pages/show.js"},{"block_hashes":["HnG6LxdBDfSFLMIQH1SYPl1M+WSE3LDuRpwwLu1n69M=","Cyw6gn0+Xss7rX27ApZsp5oqQeEcdlIivMG5ULE1F3Y=","Np/l/BUDKPxOU/nbGO9J+4mrNB/9eShAKt94BvDrmn8="],"block_size":4096,"path":"settings-template.json"}],"version":2}